공지/이벤트|23.09.04 09:16|46|/mz/community/view/899300?p=1|블론드나인 2023 F/W 룩북 공개 기념 댓글 이벤트 당첨자 발표 
공지/이벤트|23.09.04 09:15|46|/mz/community/view/899299?p=1|데상트 2023 S/S 룩북 공개 기념 댓글 이벤트 당첨자 발표 
공지/이벤트|23.09.04 09:12|42|/mz/community/view/899298?p=1|콘스트 2023 S/S 룩북 공개 기념 댓글 이벤트 당첨자 발표 
공지/이벤트|23.09.04 09:11|40|/mz/community/view/899297?p=1|트렁크프로젝트 2023 F/W 룩북 공개 기념 댓글 이벤트 당첨자 발표 
공지/이벤트|23.09.04 09:10|39|/mz/community/view/899296?p=1|꼼파뇨 2023 F/W 룩북 공개 기념 댓글 이벤트 당첨자 발표 
공지/이벤트|23.09.04 09:08|45|/mz/community/view/899295?p=1|일꼬르소 2023 F/W 룩북 공개 기념 댓글 이벤트 당첨자 발표 
공지/이벤트|23.09.04 09:07|34|/mz/community/view/899294?p=1|컨버스 미드 시즌 오프 기념 증정 이벤트 당첨자 발표 
공지/이벤트|23.09.04 09:06|33|/mz/community/view/899293?p=1|메종 미네드 23 F/W 컬렉션 기념 증정 이벤트 당첨자 발표 
공지/이벤트|23.09.04 09:05|36|/mz/community/view/899292?p=1|리프로덕션 오브 파운드 시즌 오프 기념 증정 이벤트 당첨자 발표 
공지/이벤트|23.09.04 09:03|42|/mz/community/view/899291?p=1|와릿이즌 아이비리그 컬렉션 쇼케이스 댓글 이벤트 당첨자 발표 
공지/이벤트|23.09.01 11:30|92|/mz/community/view/899290?p=1|드파운드 × 무신사 라이브 이벤트 당첨자 발표 
공지/이벤트|23.09.01 09:56|119|/mz/community/view/899289?p=1|크랭크 2023 F/W 룩북 공개 기념 댓글 이벤트 당첨자 발표 
공지/이벤트|23.09.01 09:55|93|/mz/community/view/899288?p=1|스모크라이즈 2023 F/W 룩북 공개 기념 댓글 이벤트 당첨자 발표 
공지/이벤트|23.09.01 09:54|91|/mz/community/view/899287?p=1|블러 2023 F/W 룩북 공개 기념 댓글 이벤트 당첨자 발표 
공지/이벤트|23.09.01 09:51|83|/mz/community/view/899286?p=1|처클 2023 S/S 룩북 공개 기념 댓글 이벤트 당첨자 발표 
공지/이벤트|23.09.01 09:47|85|/mz/community/view/899285?p=1|래리클락 2023 F/W 룩북 공개 기념 댓글 이벤트 당첨자 발표 
공지/이벤트|23.09.01 09:45|95|/mz/community/view/899284?p=1|팀코믹스 2023 F/W 룩북 공개 기념 댓글 이벤트 당첨자 발표 
공지/이벤트|23.09.01 09:42|95|/mz/community/view/899283?p=1|피지컬 에듀케이션 디파트먼트 2023 F/W 룩북 공개 기념 댓글 이벤트 
공지/이벤트|23.09.01 09:41|89|/mz/community/view/899282?p=1|트래블 2023 F/W 룩북 공개 기념 댓글 이벤트 당첨자 발표 
공지/이벤트|23.09.01 09:16|83|/mz/community/view/899281?p=1|리복 클럽 C 패밀리 컬렉션 기념 증정 이벤트 당첨자 발표 
공지/이벤트|23.09.01 09:14|79|/mz/community/view/899280?p=1|게스 23 F/W 컬렉션 쇼케이스 댓글 이벤트 당첨자 발표 
공지/이벤트|23.08.31 16:13|91|/mz/community/view/899279?p=1|슬로우애시드× 무신사 라이브 이벤트 당첨자 발표 
공지/이벤트|23.08.31 12:49|65|/mz/community/view/899278?p=1|드로우핏 × 무신사 라이브 방송 이벤트 당첨자 발표 
공지/이벤트|23.08.31 08:45|116|/mz/community/view/899277?p=1|레스포색  피너츠 컬래버레이션 기념 증정 이벤트 당첨자 발표 
공지/이벤트|23.08.31 08:35|105|/mz/community/view/899276?p=1|웨어아유고잉 2023 F/W 룩북 공개 기념 댓글 이벤트 당첨자 발표 
공지/이벤트|23.08.30 16:15|110|/mz/community/view/899275?p=1|라퍼지스토어 x 무신사 라이브 이벤트 당첨자 발표 
공지/이벤트|23.08.30 16:09|64|/mz/community/view/899274?p=1|꼼파뇨 × 무신사 라이브 방송 이벤트 당첨자 발표 
공지/이벤트|23.08.30 12:07|130|/mz/community/view/899273?p=1|스노우피크 어패럴  기념 증정 이벤트 당첨자 발표 
공지/이벤트|23.08.30 09:36|290|/mz/community/view/899272?p=1|SM 보이그룹 라이즈 쇼케이스 이벤트 당첨자 발표 
공지/이벤트|23.08.30 08:58|100|/mz/community/view/899270?p=2|마스마룰즈 선발매 쇼케이스 댓글 이벤트 당첨자 발표 
공지/이벤트|23.08.30 08:57|99|/mz/community/view/899269?p=2|엄브로 클래식 헤리티지 컬렉션 쇼케이스 댓글 이벤트 당첨자 발표 
공지/이벤트|23.08.29 22:31|65|/mz/community/view/899268?p=2|내셔널지오그래픽 역시즌 x 무신사 라이브 이벤트 당첨자 발표 
공지/이벤트|23.08.29 15:17|89|/mz/community/view/899267?p=2|내셔널지오그래픽 캐리어  x 무신사 라이브 이벤트 당첨자 발표 
공지/이벤트|23.08.29 09:05|166|/mz/community/view/899266?p=2|어프레쉬 2023 F/W 룩북 공개 기념 댓글 이벤트 당첨자 발표 
공지/이벤트|23.08.29 09:04|105|/mz/community/view/899265?p=2|빈트릴 골프 베스트 아이템 리뷰 기념 증정 이벤트 당첨자 발표 
공지/이벤트|23.08.28 08:43|184|/mz/community/view/899264?p=2|벌스데이수트 23 F/W 컬렉션 기념 증정 이벤트 당첨자 발표 
공지/이벤트|23.08.28 08:42|158|/mz/community/view/899263?p=2|페노메코 단독 발매 기념 증정 이벤트 당첨자 발표 
공지/이벤트|23.08.28 08:40|124|/mz/community/view/899262?p=2|크리틱 23 F/W 컬렉션 기념 증정 이벤트 당첨자 발표 
공지/이벤트|23.08.28 08:33|100|/mz/community/view/899261?p=2|무신사 뷰티 23 SUMMER 컬렉션 쇼케이스 이벤트 당첨자 발표 
공지/이벤트|23.08.28 08:29|125|/mz/community/view/899260?p=2|예일 2023 F/W 룩북 공개 기념 댓글 이벤트 당첨자 발표 
공지/이벤트|23.08.28 08:28|86|/mz/community/view/899259?p=2|허프 2023 F/W 룩북 공개 기념 댓글 이벤트 당첨자 발표 
공지/이벤트|23.08.28 08:27|95|/mz/community/view/899258?p=2|에스이에스티 2023 S/S 룩북 공개 기념 댓글 이벤트 당첨자 발표 
공지/이벤트|23.08.28 08:26|98|/mz/community/view/899257?p=2|꼬리에 2023 F/W 룩북 공개 기념 댓글 이벤트 당첨자 발표 
공지/이벤트|23.08.28 08:24|86|/mz/community/view/899256?p=2|카테고리9 2023 F/W 룩북 공개 기념 댓글 이벤트 당첨자 발표 
공지/이벤트|23.08.25 14:55|91|/mz/community/view/899255?p=2|엑스톤즈 × 무신사 라이브 이벤트 당첨자 발표 
공지/이벤트|23.08.25 14:06|64|/mz/community/view/899254?p=2|엘무드 × 무신사 라이브 이벤트 당첨자 발표 
공지/이벤트|23.08.25 13:15|49|/mz/community/view/899253?p=2|주앙옴므 × 무신사 라이브 방송 이벤트 당첨자 발표 
공지/이벤트|23.08.25 11:20|120|/mz/community/view/899252?p=2|에잇세컨즈 캡슐 컬렉션 쇼케이스 댓글 이벤트 당첨자 발표 
공지/이벤트|23.08.25 11:18|103|/mz/community/view/899251?p=2|에스피오나지 아우터 프리오더 기념 증정 이벤트 당첨자 발표 
공지/이벤트|23.08.25 11:17|77|/mz/community/view/899250?p=2|무신사 어스 × 해녀의 부엌 기념 증정 이벤트 당첨자 발표 
공지/이벤트|23.08.25 11:16|126|/mz/community/view/899249?p=2|라퍼지스토어 23 F/W 컬렉션 기념 증정 이벤트 당첨자 발표 
공지/이벤트|23.08.25 11:15|98|/mz/community/view/899248?p=2|디스이즈네버댓 그레고리 협업 기념 증정 이벤트 당첨자 발표 
공지/이벤트|23.08.25 11:14|74|/mz/community/view/899247?p=2|여름 주얼리 추천 특별전 기념 증정 이벤트 당첨자 발표 
공지/이벤트|23.08.25 11:13|59|/mz/community/view/899246?p=2|배럴 단독 할인 기념 증정 이벤트 당첨자 발표 
공지/이벤트|23.08.25 11:11|59|/mz/community/view/899245?p=2|119레오 단독 발매 기념 증정 이벤트 당첨자 발표 
공지/이벤트|23.08.24 19:35|75|/mz/community/view/899244?p=2|NACHE × 무신사 라이브 방송 이벤트 당첨자 발표 
공지/이벤트|23.08.24 09:16|145|/mz/community/view/899243?p=2|후아유 Y2K DENIM 컬렉션 기념 증정 이벤트 당첨자 발표 
공지/이벤트|23.08.24 09:15|113|/mz/community/view/899242?p=2|멜릭서 신규 입점 쇼케이스 댓글 이벤트 당첨자 발표 
공지/이벤트|23.08.23 15:23|83|/mz/community/view/899240?p=3|어뉴골프X무신사 라이브 이벤트 당첨자 발표 
공지/이벤트|23.08.23 09:20|154|/mz/community/view/899239?p=3|트레통 2023 S/S 룩북 공개 기념 댓글 이벤트 당첨자 발표 
공지/이벤트|23.08.23 09:18|134|/mz/community/view/899238?p=3|1993스튜디오 2023 F/W 룩북 공개 기념 댓글 이벤트 당첨자 발표 
체험단후기|23.08.22 15:21|219|/mz/community/view/899236?p=3|"[닉앤니콜]_유니크한 블록코어 연출이 가능한 ""니콜스트릿크롭티& "
체험단후기|23.08.22 15:20|119|/mz/community/view/899235?p=3|[르브아시스] RVIS 메쉬 짐색 오렌지 체험단 후기 
공지/이벤트|23.08.22 15:00|86|/mz/community/view/899234?p=3|247시리즈× 무신사 라이브 이벤트 당첨자 발표 
체험단후기|23.08.22 14:45|68|/mz/community/view/899233?p=3|호텔도슨 룸앤패브릭 스프레이 후기 
체험단후기|23.08.22 12:00|90|/mz/community/view/899232?p=3|[카락터] 스테리 피그먼트 하프 티셔츠 애쉬 퍼플 
체험단후기|23.08.22 10:29|76|/mz/community/view/899231?p=3|메쉬 웰딩 포인트 하프집업 남성 반팔 티 
체험단후기|23.08.22 10:28|24|/mz/community/view/899230?p=3|[닥터올가]태초 100 딥포어 클렌징오일 완전 강추! 
체험단후기|23.08.22 10:27|30|/mz/community/view/899229?p=3|[러븀] 일주일 써보고 남기는 유자 겔 마스크 찐후기 
체험단후기|23.08.22 10:26|63|/mz/community/view/899228?p=3|에러스익셉티드 플리츠 린넨 데님팬츠 후기 
체험단후기|23.08.22 10:07|66|/mz/community/view/899227?p=3|세이에라 니트 슬니브리스 세미 크롭탑 체험단 
체험단후기|23.08.22 09:48|35|/mz/community/view/899226?p=3|[세크메트 하토르 하프 팔각방패 목걸이] 후기 
체험단후기|23.08.22 09:43|45|/mz/community/view/899225?p=3|[투애니스홀]메쉬 웰딩 포인트 하프집업 남성 반팔티 체험단 리뷰!! 
체험단후기|23.08.22 09:42|54|/mz/community/view/899224?p=3|왕관 반소매 티셔츠 M 사이즈 
체험단후기|23.08.22 09:38|14|/mz/community/view/899223?p=3|[미니스웨어] 애니멀 콜라주 범퍼 케이스 체 
체험단후기|23.08.22 09:37|42|/mz/community/view/899222?p=3|[서니드클럽] 래빗 반팔 티셔츠 화이트 
체험단후기|23.08.22 09:27|51|/mz/community/view/899221?p=3|[꼬리에]해머 스트링 숄더백 체험단 이벤트 후기 
체험단후기|23.08.22 09:26|59|/mz/community/view/899220?p=3|[조셉앤스테이시] Daily Shirring Bag black M 
체험단후기|23.08.22 09:26|41|/mz/community/view/899219?p=3|스파오 라이트 자켓 체험단 후기 
공지/이벤트|23.08.22 09:24|138|/mz/community/view/899218?p=3|그란데라인 2023 F/W 룩북 공개 기념 댓글 이벤트 당첨자 발표 
공지/이벤트|23.08.22 09:22|99|/mz/community/view/899217?p=3|수프라 2023 S/S 룩북 공개 기념 댓글 이벤트 당첨자 발표 
공지/이벤트|23.08.22 09:21|93|/mz/community/view/899216?p=3|에어리얼 2023 S/S 룩북 공개 기념 댓글 이벤트 당첨자 발표 
체험단후기|23.08.22 09:12|31|/mz/community/view/899215?p=3|무브먼트 플라워 미드나잇블루 티셔츠 이름겁나길어 후기 
체험단후기|23.08.22 09:01|34|/mz/community/view/899214?p=3|매버릭 인스퍼레이션 티셔츠 체험단 후기 
공지/이벤트|23.08.22 08:59|107|/mz/community/view/899213?p=3|네거티브쓰리 레인부츠 발매 기념 증정 이벤트 당첨자 발표 
체험단후기|23.08.22 08:56|28|/mz/community/view/899212?p=3|[오브제] 페이스 라인 스틱 체험단 리뷰 
체험단후기|23.08.22 08:31|24|/mz/community/view/899211?p=3|[스타터] 에센셜 타이포 반소매 티셔츠 (라이트그레이) 
체험단후기|23.08.22 07:59|7|/mz/community/view/899209?p=4|보나쥬르 티트리 오일 후기! 
체험단후기|23.08.22 07:57|27|/mz/community/view/899208?p=4|[랩12] 오버핏 피케 티셔츠 체험단 후기 
체험단후기|23.08.22 07:13|24|/mz/community/view/899207?p=4|[스타터] 에센셜 타이포 반소매 티셔츠 체험단 후기 ✨ 
체험단후기|23.08.22 07:06|11|/mz/community/view/899206?p=4|[르브아시스] 투웨이 타올 후기✨ 
체험단후기|23.08.22 06:39|21|/mz/community/view/899205?p=4|[더그린랩] 에센셜 티지엘 버킷햇 / 블랙 체험단 후기 
체험단후기|23.08.22 05:52|17|/mz/community/view/899204?p=4|왕관 베이직 오픈 폴로 카라 니트 셔츠 네이비 
체험단후기|23.08.22 04:29|9|/mz/community/view/899203?p=4|[하루하루원더] 원더 블랙 라이스 히알루로닉 안티링클 세럼 후기 
체험단후기|23.08.22 03:45|21|/mz/community/view/899202?p=4|[피스오브마인드] 배색 스웻 데님팬츠 체험단 이벤트 후기 
체험단후기|23.08.22 03:13|7|/mz/community/view/899201?p=4|[하루하루원더] 히알루로닉 안티링클 세럼 체험단 후기! 
체험단후기|23.08.22 02:49|38|/mz/community/view/899200?p=4|[헤티]로즈 프린트 반팔 티셔츠 (모카) 후기 
체험단후기|23.08.22 02:31|52|/mz/community/view/899199?p=4|[플레이언]비건 레더 스퀘어 메신저백 후기 
체험단후기|23.08.22 02:23|13|/mz/community/view/899198?p=4|뮤즈마크 네일팁🖤 
체험단후기|23.08.22 01:57|20|/mz/community/view/899197?p=4|후러브스아트 로고 볼캡 그린 후기 
체험단후기|23.08.22 01:29|11|/mz/community/view/899196?p=4|쿨트 아치 빅로그 반팔티셔츠 카키 
체험단후기|23.08.22 01:19|20|/mz/community/view/899195?p=4|서클 로고 반집업 오버핏 맨투맨 “주니어 제품” 
체험단후기|23.08.22 01:12|19|/mz/community/view/899194?p=4|엘엠엔3011 L3 메쉬 조끼 블랙 체험단 리뷰 
체험단후기|23.08.22 01:03|24|/mz/community/view/899193?p=4|[오가프] Revolution 69s B.B CAP 그린색상 후기 💚 
체험단후기|23.08.22 01:02|23|/mz/community/view/899192?p=4|챔브로스 와이드팬츠 리뷰 
체험단후기|23.08.22 00:59|19|/mz/community/view/899191?p=4|아노블리어 슬래시 펀칭 하프 니트 블랙 
체험단후기|23.08.22 00:56|12|/mz/community/view/899190?p=4|[보나쥬르]비건 유기농 티트리오일 
체험단후기|23.08.22 00:54|24|/mz/community/view/899189?p=4|[더그린랩] 에센셜 티지엘 버킷햇 햇햇^^173/70 
체험단후기|23.08.22 00:48|8|/mz/community/view/899188?p=4|제주그린청보리헤어식초^^(이제 식초는 헤어에양보하세요) 
체험단후기|23.08.22 00:43|16|/mz/community/view/899187?p=4|[척]그리디 캣 반팔 티겨츠 체험단 후기 
체험단후기|23.08.22 00:39|13|/mz/community/view/899186?p=4|[스미스아머] SA D링 웨빙 롱 벨트 카키 후시 
체험단후기|23.08.22 00:34|9|/mz/community/view/899185?p=4|[레더리] 옐로우 치즈 쿠키 캣 티셔츠 
체험단후기|23.08.22 00:26|8|/mz/community/view/899184?p=4|[호텔도슨] 그레타 핸드&바디세럼 체험단!! 
체험단후기|23.08.22 00:26|17|/mz/community/view/899183?p=4|[랩12] 오버핏 피케티셔츠 리뷰 
체험단후기|23.08.22 00:20|32|/mz/community/view/899182?p=4|피스오브마인드 코튼 와이드 벌룬팬츠 (차콜) 
체험단후기|23.08.22 00:17|13|/mz/community/view/899181?p=4|[나인제트] 스쿨로고 코튼 볼캡 후기 
체험단후기|23.08.21 23:53|8|/mz/community/view/899179?p=5|[이즈] 린넨 밴딩팬츠(카키) 
체험단후기|23.08.21 23:47|13|/mz/community/view/899178?p=5|[스타터] 에센셜 타이포 반소매 티셔츠 
체험단후기|23.08.21 23:47|14|/mz/community/view/899177?p=5|[캘빈클라인 진] 아카이브 로고 볼캡 체험단 이벤트 후기 
체험단후기|23.08.21 23:45|7|/mz/community/view/899176?p=5|[아크로] 헤이즈 EDP 30ML 
체험단후기|23.08.21 23:44|12|/mz/community/view/899175?p=5|REVERSIBLE HALF TONE STAR T-SHIRTS - [CA 
체험단후기|23.08.21 23:31|20|/mz/community/view/899174?p=5|[헤티] 로즈 프린트 반팔티셔츠 (핑크) 후기 
체험단후기|23.08.21 23:22|22|/mz/community/view/899173?p=5|오오엠엘 시스러 롱슬리브 니트 멜란그레이 체험단리뷰 
체험단후기|23.08.21 23:04|10|/mz/community/view/899172?p=5|[로우] 바스 데님 팬츠 라이트블루 체험단 후기! 
체험단후기|23.08.21 23:03|16|/mz/community/view/899171?p=5|[리앙리에] 
체험단후기|23.08.21 23:02|10|/mz/community/view/899170?p=5|[클라코] 와이드 나일론 사이드 지퍼팬츠 (블랙&크린) 후기 
체험단후기|23.08.21 22:55|17|/mz/community/view/899169?p=5|[스타터] 에센셜 타이포 반소매 티셔츠 체험단 후기 
체험단후기|23.08.21 22:52|25|/mz/community/view/899168?p=5|스파오 라이트 자켓 블랙 S(90) 체험단 후기 
체험단후기|23.08.21 22:52|32|/mz/community/view/899167?p=5|[필루미네이트] 옵티멀 베이직 셔츠 
체험단후기|23.08.21 22:46|9|/mz/community/view/899166?p=5|[세이에라]  knitted sleeveless top white 
체험단후기|23.08.21 22:45|25|/mz/community/view/899165?p=5|[어게인스트 올 오즈] 베이직 레이어드 크루 넥 반팔티 체험단 후기 
체험단후기|23.08.21 22:39|29|/mz/community/view/899164?p=5|[그레이버 백 앤 에이씨씨] 메신저백 강추합니다! 
체험단후기|23.08.21 22:20|21|/mz/community/view/899163?p=5|[에러스익셉티드] 플리츠 린넨 데님팬츠 체험단 후기 
체험단후기|23.08.21 22:19|24|/mz/community/view/899162?p=5|[그레이버 백 앤 에이씨씨] 클로버 크로스 메신저백 체험단 이벤트 
체험단후기|23.08.21 22:18|27|/mz/community/view/899161?p=5|척 그리디 캣 반팔 티셔츠 
체험단후기|23.08.21 22:18|25|/mz/community/view/899160?p=5|아이러니포르노 화이트라인_워터프루프 팬츠 
체험단후기|23.08.21 22:16|13|/mz/community/view/899159?p=5|오오엠엘 꼬임 언발란스 슬리브리스 탑 
체험단후기|23.08.21 22:14|14|/mz/community/view/899158?p=5|[클라코] 와이드 나일론 사이드 지퍼팬츠 (크림) 후기 
체험단후기|23.08.21 22:12|10|/mz/community/view/899157?p=5|스타터-3D 로고 반소매 티셔츠(옐로우) 체험단후기 
체험단후기|23.08.21 22:10|8|/mz/community/view/899156?p=5|리히트 러블리 베어 티셔츠 
체험단후기|23.08.21 22:02|13|/mz/community/view/899155?p=5|랩12 오버핏 피케티 셔츠(남색) 솔직후기 
체험단후기|23.08.21 21:55|14|/mz/community/view/899154?p=5|[피스오브마인드] 앞뒤 배색 스웻 데님 팬츠 후기 
체험단후기|23.08.21 21:55|24|/mz/community/view/899153?p=5|[챔브로스] 원턱 와이드핏 스웨트 팬츠 리뷰 
체험단후기|23.08.21 21:51|7|/mz/community/view/899152?p=5|[하이퍼]그래시 대용량 펌핑치약 
체험단후기|23.08.21 21:50|18|/mz/community/view/899151?p=5|[오오엠엘] 꼬임 언발 슬리브리스 탑 체험단 후기 
체험단후기|23.08.21 21:42|33|/mz/community/view/899149?p=6|[오가프]지금 계절에 어울리는 빈티지 1969 볼캡 
체험단후기|23.08.21 21:37|11|/mz/community/view/899148?p=6|[캘빈클라인 스포츠] 슬림핏 숏 슬리브 티셔츠 이벤트 
체험단후기|23.08.21 21:32|14|/mz/community/view/899147?p=6|[허프] HUF SET OG CV 6 PANEL HAT 후기 
체험단후기|23.08.21 21:29|4|/mz/community/view/899146?p=6|[보나쥬르] 비건 유기농 티트리 오일 후기 
체험단후기|23.08.21 21:27|10|/mz/community/view/899145?p=6|[그레이버 백 앤 에이씨씨] 클로버 크로스 메신저백 체험단 이벤트 
체험단후기|23.08.21 21:22|9|/mz/community/view/899144?p=6|워터프루프 밴딩 팬츠 후기임다 
체험단후기|23.08.21 21:18|7|/mz/community/view/899143?p=6|히알루론샷 수분크림 60mL 
체험단후기|23.08.21 21:18|13|/mz/community/view/899142?p=6|헤티 로즈 프린트 티셔츠 모카 체험단후기 
체험단후기|23.08.21 21:17|12|/mz/community/view/899141?p=6|스탠다드에러 (반팔티셔츠) 후기 
체험단후기|23.08.21 21:15|7|/mz/community/view/899140?p=6|엠플엔 new 히알루론샷 수분 크림 리뷰 
체험단후기|23.08.21 21:14|7|/mz/community/view/899139?p=6|[브이투] 박시 핏 오버셔츠-민트 셔츠러버 한달 후기! 
체험단후기|23.08.21 21:09|9|/mz/community/view/899138?p=6|조셉앤스테이시(데일리셔링백) 
체험단후기|23.08.21 21:09|2|/mz/community/view/899137?p=6|노디자인-04 우드레인 솔직후기 ~~~ 
체험단후기|23.08.21 21:06|9|/mz/community/view/899136?p=6|[피스오브마인드] 앞뒤 배색 스웻 데님팬츠 
체험단후기|23.08.21 21:05|6|/mz/community/view/899135?p=6|스태리 피그먼트 티셔츠 / 애쉬퍼플 
체험단후기|23.08.21 21:04|15|/mz/community/view/899134?p=6|[세크메트] 포인트 목걸이로 딱 
체험단후기|23.08.21 20:56|12|/mz/community/view/899133?p=6|[로우] 바스 써머 스윗 로얄 블루 셔츠 
체험단후기|23.08.21 20:55|8|/mz/community/view/899132?p=6|세이에라 mesh cover skirt off white 
체험단후기|23.08.21 20:48|9|/mz/community/view/899131?p=6|[앰플엔] NEW 히알루론샷 수분 크림 60ml 체험단 후기 
체험단후기|23.08.21 20:39|14|/mz/community/view/899130?p=6|[어게인스트] 하트 프린팅 반팔 티 체험단 후기 
체험단후기|23.08.21 20:34|15|/mz/community/view/899129?p=6|캘빈클라인 스포츠 여 블랙 슬림핏 숏 슬리브 티셔츠 
체험단후기|23.08.21 20:29|7|/mz/community/view/899128?p=6|[뮤즈마크] 리유저블 네일팁 체험단 이벤트 
체험단후기|23.08.21 20:29|38|/mz/community/view/899127?p=6|스타터 3D 로고 반소매 티셔츠 (옐로우) 
체험단후기|23.08.21 20:12|6|/mz/community/view/899126?p=6|[써니콘] 밤부수딩 유브이 에센스 선스크린 후기! 
체험단후기|23.08.21 20:10|9|/mz/community/view/899125?p=6|[알보우]라이츠온오브제 오드 퍼퓸 향수 50ML 후기 
체험단후기|23.08.21 20:10|20|/mz/community/view/899124?p=6|쿨트 핑크 반팔 티🩷 
체험단후기|23.08.21 19:56|5|/mz/community/view/899123?p=6|멋스러워요 
체험단후기|23.08.21 19:54|18|/mz/community/view/899122?p=6|{카락터} Starry pigment half T-shirts Ash p 
체험단후기|23.08.21 19:51|5|/mz/community/view/899121?p=6|에이카 빅 로고 티 머스터드 
체험단후기|23.08.21 19:33|9|/mz/community/view/899119?p=7|[랑가주망] 랑가주망과 이번 여름을... 
체험단후기|23.08.21 19:29|19|/mz/community/view/899118?p=7|[아웃스탠딩] 서핑 타이거 티셔츠 체험후기 ! 입니다 
체험단후기|23.08.21 19:28|13|/mz/community/view/899117?p=7|[더그린랩]에센셜 티지엘 버킷햇(블랙) 
체험단후기|23.08.21 19:13|17|/mz/community/view/899116?p=7|[스타터]3D로고 반소매 티셔츠 (옐로우)🌟 체험단 후기 
체험단후기|23.08.21 19:07|10|/mz/community/view/899115?p=7|[호텔도슨] 그레타 핸드&바디세럼 320ml 리뷰 
체험단후기|23.08.21 19:02|9|/mz/community/view/899114?p=7|[필루미네이트] 올티멀 베이직 셔츠 (옥스포드) 
체험단후기|23.08.21 18:57|8|/mz/community/view/899113?p=7|멋쟁이 티셔츠 카락터 스테리 피그먼트 티셔츠 후기 
체험단후기|23.08.21 18:53|16|/mz/community/view/899112?p=7|[쎄쎄쎄] 백리본 쥬얼리 로고 크롭탑 블랙 체험단 후기 
체험단후기|23.08.21 18:49|22|/mz/community/view/899111?p=7|왕관 베이직 오픈 폴로 카라 니트 셔츠 후기 
체험단후기|23.08.21 18:49|5|/mz/community/view/899110?p=7|[정직한실험실] 제주 그린 청귤 헤어식초 410ml 후기 
체험단후기|23.08.21 18:49|9|/mz/community/view/899109?p=7|(어게인스트 올 오즈)하트 프린팅 반팔 체험단 후기 
체험단후기|23.08.21 18:42|9|/mz/community/view/899108?p=7|스터터 3D 로고 반소매 티셔츠 (화이트) 체험단 후기 
체험단후기|23.08.21 18:42|20|/mz/community/view/899107?p=7|[어낫띵] 라운드 칼라 니트 가디건 후기 
체험단후기|23.08.21 18:39|4|/mz/community/view/899106?p=7|[하루하루원더] 원더 블랙 라이스 히알루로닉 토너 체험단 후기 
체험단후기|23.08.21 18:38|29|/mz/community/view/899105?p=7|[헤티]로즈 프린트 반팔 티셔츠 핑크 
체험단후기|23.08.21 18:36|29|/mz/community/view/899104?p=7|[아틀리에나인]투웨이 집업 골지 니트 가디건 후기^^ 
체험단후기|23.08.21 18:35|14|/mz/community/view/899103?p=7|[캘빈클라인 언더웨어] 남성 코튼스트레치 로우 라이드 트렁크 체험단 후기 
체험단후기|23.08.21 18:34|17|/mz/community/view/899102?p=7|[스타터] 에센셜 타이포 반소매 티셔츠(블랙) 리뷰 
체험단후기|23.08.21 18:26|19|/mz/community/view/899101?p=7|[오오엠엘] 시스루 롱슬리브 니트 (멜란그레이) 체험딤 후기 
체험단후기|23.08.21 18:18|9|/mz/community/view/899100?p=7|[스타터] 로고 반소매 티셔츠 L 체험단 이벤트 
체험단후기|23.08.21 17:57|11|/mz/community/view/899099?p=7|스타터 3d 로고 반소매 티셔츠 화이트 XL 
체험단후기|23.08.21 17:54|14|/mz/community/view/899098?p=7|[스탠다드에러] 컬리지 클럽 반팔티 네이비 
체험단후기|23.08.21 17:49|10|/mz/community/view/899097?p=7|[오브제] 페이스 라인 스틱 체험단 후기입니다. 
체험단후기|23.08.21 17:44|13|/mz/community/view/899096?p=7|[스탠다드에러 칼리지 클럽 티셔츠] 체험단 후기! 
체험단후기|23.08.21 17:44|10|/mz/community/view/899095?p=7|랑가주망 에코 오버사이즈 썸머 셔츠 후기 
체험단후기|23.08.21 17:37|8|/mz/community/view/899094?p=7|언스트럭처드 에이닷 로고 볼캡 그린 
체험단후기|23.08.21 17:33|7|/mz/community/view/899093?p=7|뮤즈마크 리유저블 네일팁 리본타입 
체험단후기|23.08.21 17:31|10|/mz/community/view/899092?p=7|[로우]바스데님팬츠 
체험단후기|23.08.21 17:26|15|/mz/community/view/899091?p=7|[아노에틱] 아노에틱 로고 캡 데님 후기!! 
체험단후기|23.08.21 17:23|11|/mz/community/view/899089?p=8|[라디네오] 20수 브레드 퍼피 반소매 티셔츠 화이트 
체험단후기|23.08.21 17:20|13|/mz/community/view/899088?p=8|스미스아머 링 웨빙 롱 벨트_블랙 체험단 후기 
체험단후기|23.08.21 17:13|10|/mz/community/view/899087?p=8|스타터 최고 
체험단후기|23.08.21 17:08|12|/mz/community/view/899086?p=8|[캘빈클라인 스포츠] 숏 슬리브 티셔츠 리뷰입니다 
체험단후기|23.08.21 17:06|10|/mz/community/view/899085?p=8|[Akro] Haze, 아로마 우디의 편안함 
체험단후기|23.08.21 17:05|6|/mz/community/view/899084?p=8|[하이퍼] 그래시 대용량 펌핑 치약 후기! 
체험단후기|23.08.21 17:00|17|/mz/community/view/899083?p=8|[하인즈운트쿤즈] 에어라인 볼캡 네이비 후기 
체험단후기|23.08.21 16:46|12|/mz/community/view/899082?p=8|더그린랩 버킷햇 
체험단후기|23.08.21 16:43|17|/mz/community/view/899081?p=8|디어니스 예츠백 블랙실버백! 심플함과 독특함이 동시에 있는 백 
체험단후기|23.08.21 16:37|6|/mz/community/view/899080?p=8|허프 패널 블랙 체험단 리뷰 
체험단후기|23.08.21 16:35|11|/mz/community/view/899079?p=8|[스타터] 폴리 들어간 반팔의 시원함 
체험단후기|23.08.21 16:23|12|/mz/community/view/899078?p=8|스타터 3D 로고 반소매 티셔츠 (옐로우) 후기!! 
체험단후기|23.08.21 16:20|15|/mz/community/view/899077?p=8|[캘빈클라인 언더웨어] 남성 코튼 스트레치 5PK 블랙 후기 XL사이즈 
체험단후기|23.08.21 16:20|9|/mz/community/view/899076?p=8|[스타터] 에센셜 타이포 반소매 티셔츠 체험단 이벤트 후기! 
체험단후기|23.08.21 16:17|8|/mz/community/view/899075?p=8|[아노에틱]ANOETIC LOGO CAP DENIM 
체험단후기|23.08.21 16:17|19|/mz/community/view/899074?p=8|[스파오] 라이트 자켓 라이트 그레이 
체험단후기|23.08.21 16:10|13|/mz/community/view/899073?p=8|[리앙리에] LR logo knit_Black / 한 여름에도 찾게 되는 
체험단후기|23.08.21 16:10|12|/mz/community/view/899072?p=8|[지플리시] 반팔 티셔츠 
체험단후기|23.08.21 16:09|18|/mz/community/view/899071?p=8|[뮬리카] 시티팝 에디션 2 티셔츠 체험단 
체험단후기|23.08.21 16:07|7|/mz/community/view/899070?p=8|[쿨트] 은은하게 감성 살리기 좋은 티셔츠 
체험단후기|23.08.21 16:02|12|/mz/community/view/899069?p=8|🎀진짜워터프르푸맞아요🎀 
체험단후기|23.08.21 15:51|13|/mz/community/view/899068?p=8|[컴포트랩 마카롱 웰핏 브라렛 세트] 후기 
체험단후기|23.08.21 15:47|10|/mz/community/view/899067?p=8|[스미스아머] D링 웨빙 롱벨트 블랙 후기 
체험단후기|23.08.21 15:40|12|/mz/community/view/899066?p=8|[캘빈클라인 언더웨어] 남성 코튼 스트레치 5PK 블랙 후기 
체험단후기|23.08.21 15:38|8|/mz/community/view/899065?p=8|[엘엠엔3011] 엘3 메쉬 조끼 블랙XL 후기 
체험단후기|23.08.21 15:28|71|/mz/community/view/899064?p=8|[일리고] 포켓 백 블랙 체험후기 
체험단후기|23.08.21 15:27|24|/mz/community/view/899063?p=8|깔끔하고 개성있는 카드지갑이예요 
체험단후기|23.08.21 15:20|22|/mz/community/view/899062?p=8|[dnsr] 딥포턱 차콜그레이 체험단 리뷰! 
체험단후기|23.08.21 15:18|9|/mz/community/view/899061?p=8|고민 하고 계신다면 바로 구매 하십시오! 
체험단후기|23.08.21 15:10|18|/mz/community/view/899059?p=9|[위풋] 더블 논슬립 베이직 크루삭스 체험단 후기 
체험단후기|23.08.21 15:03|6|/mz/community/view/899058?p=9|피브 [하이퍼-핏 컬러 드롭] 체험단 후기! 
체험단후기|23.08.21 15:01|7|/mz/community/view/899057?p=9|[하루하루원더] 원더 블랙 라이스 히알루로닉 안티링클 세럼 50ML 체험 
체험단후기|23.08.21 14:56|13|/mz/community/view/899056?p=9|(헤임)리벳 턱 스웻팬츠 
체험단후기|23.08.21 14:53|8|/mz/community/view/899055?p=9|[리앙리에] 그린 후기 
체험단후기|23.08.21 14:48|11|/mz/community/view/899054?p=9|왕관 폴로 카라 니트 솔직 후기! 
체험단후기|23.08.21 14:38|12|/mz/community/view/899053?p=9|[아노에틱] 로고 캡_yellow 
체험단후기|23.08.21 14:37|20|/mz/community/view/899052?p=9|[뮬리카] 반팔 티셔츠 시티팝 에디션2 / s 
체험단후기|23.08.21 14:36|9|/mz/community/view/899051?p=9|[다슈] 데일리 아크네 카밍 바디워시 후기! 
체험단후기|23.08.21 14:28|12|/mz/community/view/899050?p=9|[에러스익셉티드] 플리츠 린넨 데님팬츠 체험단 후기! 
체험단후기|23.08.21 14:26|16|/mz/community/view/899049?p=9|[아웃스탠딩] V.S.C 서핑타이거 티셔츠 리뷰 
체험단후기|23.08.21 14:23|39|/mz/community/view/899048?p=9|[시에라디자인]ss mountain parka 후기입니다✨ 
체험단후기|23.08.21 14:21|14|/mz/community/view/899047?p=9|[알리스] 아카이브 로고 하프 티셔츠 체험단 이벤트 후기 
체험단후기|23.08.21 14:20|15|/mz/community/view/899046?p=9|확실한 여름맛 모자 
체험단후기|23.08.21 14:19|11|/mz/community/view/899045?p=9|비비와이비 윌리 유니섹스 라지 플랩 메신저백(블랙) 체험단 후기입니다. 
체험단후기|23.08.21 14:13|39|/mz/community/view/899044?p=9|[파고] 엘더 ALDER ECRU 에크루 네이비 S23C / 41 후기! 
체험단후기|23.08.21 14:08|9|/mz/community/view/899043?p=9|네이밍 듀이 글래스 립 틴트 페어리 체험단 리뷰 
체험단후기|23.08.21 13:59|17|/mz/community/view/899042?p=9|[캘빈클라인 스포츠] 여성 슬림핏 티셔츠 체험단 리뷰 
체험단후기|23.08.21 13:56|6|/mz/community/view/899041?p=9|[하이퍼] 시그니처 유산균 고농축가글 후기! 
체험단후기|23.08.21 13:42|11|/mz/community/view/899040?p=9|스파오  라이트 자켓 체험단 후기 
체험단후기|23.08.21 13:42|12|/mz/community/view/899039?p=9|[왕관] 폴로 카라 니트 M 사이즈 후기 
체험단후기|23.08.21 13:41|6|/mz/community/view/899038?p=9|[쿨트]_마르세유 레터링 티셔츠 후기 
체험단후기|23.08.21 13:26|14|/mz/community/view/899037?p=9|[스타터] 3D 로고 반소매 티셔츠 화이트-체험단 후기 
체험단후기|23.08.21 13:25|45|/mz/community/view/899036?p=9|[나인] 투웨이 집업 골지 니트 가디건 레드 
체험단후기|23.08.21 13:23|17|/mz/community/view/899035?p=9|포인트용으로 아주 좋습니다. 
체험단후기|23.08.21 13:23|7|/mz/community/view/899034?p=9|[투이니스홀]정통 골프 웨어 
체험단후기|23.08.21 13:22|7|/mz/community/view/899033?p=9|AIRLINE BALL-CAP 체험단후기 
체험단후기|23.08.21 13:17|12|/mz/community/view/899032?p=9|[어게인스트 올 오즈] 베이식 레이어드 크루넥 반팔티 
체험단후기|23.08.21 13:10|12|/mz/community/view/899031?p=9|[캘빈클라인 스포츠] 여성 슬림핏 티셔츠 
체험단후기|23.08.21 13:01|7|/mz/community/view/899028?p=10|[하이퍼] 시그니처 유산균 고농축가글 
체험단후기|23.08.21 13:01|21|/mz/community/view/899027?p=10|깔끔한 디자인에 짱짱한 가방입니다. 
체험단후기|23.08.21 12:55|10|/mz/community/view/899026?p=10|[스타터]에센셜 타이포 반팔티 
체험단후기|23.08.21 12:54|8|/mz/community/view/899025?p=10|블루그레이 후기 
체험단후기|23.08.21 12:50|9|/mz/community/view/899024?p=10|[플레이언] 비건 레더 스퀘어 메신저 백 체험단 이벤트 
체험단후기|23.08.21 12:47|26|/mz/community/view/899023?p=10|[베트랙트] 스트링 윈드 브레이커 블루-2사이즈 리뷰 
체험단후기|23.08.21 12:39|19|/mz/community/view/899022?p=10|[피스오브마인드] 체험단 후기! 
체험단후기|23.08.21 12:33|16|/mz/community/view/899021?p=10|세이에라-부유방 절대지켜 나시 
체험단후기|23.08.21 12:23|8|/mz/community/view/899020?p=10|필루미네이트 옵티멀 베이직 셔츠-화이트[옥스포드] 
체험단후기|23.08.21 12:22|13|/mz/community/view/899019?p=10|[세크메트] 하토르 목걸이 체험단 이벤트 
체험단후기|23.08.21 12:11|5|/mz/community/view/899018?p=10|[하루하루원더]원더 블랙 라이스 히알루로닉 토너 150ML 후기 가보자고 
체험단후기|23.08.21 12:05|8|/mz/community/view/899017?p=10|[리히트]러블리 베어 티셔츠 ♡ 
체험단후기|23.08.21 11:59|8|/mz/community/view/899016?p=10|[캘빈클라인 스포츠] 여성 슬림핏 티셔츠 XS 
공지/이벤트|23.08.21 11:39|104|/mz/community/view/899015?p=10|러쉬 × 무신사 라이브 방송 이벤트 당첨자 발표 
체험단후기|23.08.21 11:35|18|/mz/community/view/899014?p=10|[후러부스아트] 편안하게 착용가능한 볼캡후기 
체험단후기|23.08.21 11:31|22|/mz/community/view/899013?p=10|[일리고] 포켓 백 체험단 후기 
체험단후기|23.08.21 11:26|22|/mz/community/view/899012?p=10|다가오는 가을엔 카키 
체험단후기|23.08.21 11:22|14|/mz/community/view/899011?p=10|[닉앤니콜] NICOLE STREET CROP TEE_IVORY 
체험단후기|23.08.21 11:22|25|/mz/community/view/899010?p=10|[어낫띵] 라운드 칼라 니트 가디건 - 톡톡하고 유연한 가디건 
체험단후기|23.08.21 11:12|13|/mz/community/view/899009?p=10|[미니스웨어] 애니멀 콜라주 범퍼 케이스 체험단 후기 
체험단후기|23.08.21 11:10|15|/mz/community/view/899008?p=10|닉앤니콜 티셔츠 체험단 후기 
체험단후기|23.08.21 11:07|13|/mz/community/view/899007?p=10|[르브아시스] 테리 투웨이 판초 비치타올 
체험단후기|23.08.21 10:59|15|/mz/community/view/899006?p=10|[캘빈클라인 언더웨어] 남성 코튼스트레치 5PK 로우 라이즈 트렁크 체험 
체험단후기|23.08.21 10:55|18|/mz/community/view/899005?p=10|[피스오브마인드] 코튼 와이드 벌룬팬츠 당첨후기! 
체험단후기|23.08.21 10:52|16|/mz/community/view/899004?p=10|[엘엠씨] 오지콤보 티셔츠 체험단 후기 
체험단후기|23.08.21 10:52|9|/mz/community/view/899003?p=10|[알보우] 라이츠온 오브제 오드퍼퓸 향수 체험단 후기입니당!💕 
체험단후기|23.08.21 10:50|7|/mz/community/view/899002?p=10|[하이퍼] 그래시 대용량 펌핑 치약 
체험단후기|23.08.21 10:49|7|/mz/community/view/899001?p=10|[엘엠엔3011] L3 메쉬 조끼 화이트 L 체험단 후기 
체험단후기|23.08.21 10:43|19|/mz/community/view/899000?p=10|헤티 로즈 프린트 반팔 티셔츠 (모카) 후기 
